nct_id,mechanism,design,trial_n,endpoint,scale,outcome_type,param_type,outcome_title,time_frame,arm_label,is_placebo,n_arm,value,sd,sd_source,posted_dispersion,unit
NCT03409796,gluten_challenge_methodology,prevention,16,VHCD,ratio,PRIMARY,MEAN,Change From Baseline in Small Intestine Histology Based on Villous Height to Crypt Depth (Vh:Cd) Ratio [Baseline],Baseline and Day 15,Group A: Gluten 3 Gram,False,7,2.1,0.697,posted_sd,Standard Deviation,ratio
NCT03409796,gluten_challenge_methodology,prevention,16,VHCD,ratio,PRIMARY,MEAN,Change From Baseline in Small Intestine Histology Based on Villous Height to Crypt Depth (Vh:Cd) Ratio [Baseline],Baseline and Day 15,Group B: Gluten 10 Gram,False,7,2.3,0.893,posted_sd,Standard Deviation,ratio
NCT03409796,gluten_challenge_methodology,prevention,16,VHCD,ratio,PRIMARY,MEAN,Change From Baseline in Small Intestine Histology Based on Villous Height to Crypt Depth (Vh:Cd) Ratio [Change at Day 15],Baseline and Day 15,Group A: Gluten 3 Gram,False,7,-0.06,0.516,posted_sd,Standard Deviation,ratio
NCT03409796,gluten_challenge_methodology,prevention,16,VHCD,ratio,PRIMARY,MEAN,Change From Baseline in Small Intestine Histology Based on Villous Height to Crypt Depth (Vh:Cd) Ratio [Change at Day 15],Baseline and Day 15,Group B: Gluten 10 Gram,False,7,-1.53,0.941,posted_sd,Standard Deviation,ratio
NCT03409796,gluten_challenge_methodology,prevention,16,IEL,cells_per_100,PRIMARY,MEAN,Change From Baseline in Small Intestine Histology Based on Intraepithelial Lymphocytes (IEL) Counts [Baseline],Baseline and Day 15,Group A: Gluten 3 Gram,False,7,26.74,15.861,posted_sd,Standard Deviation,IEL per 100 epithelial cells
NCT03409796,gluten_challenge_methodology,prevention,16,IEL,cells_per_100,PRIMARY,MEAN,Change From Baseline in Small Intestine Histology Based on Intraepithelial Lymphocytes (IEL) Counts [Baseline],Baseline and Day 15,Group B: Gluten 10 Gram,False,7,26.68,8.248,posted_sd,Standard Deviation,IEL per 100 epithelial cells
NCT03409796,gluten_challenge_methodology,prevention,16,IEL,cells_per_100,PRIMARY,MEAN,Change From Baseline in Small Intestine Histology Based on Intraepithelial Lymphocytes (IEL) Counts [Change at Day 15],Baseline and Day 15,Group A: Gluten 3 Gram,False,7,9.56,15.206,posted_sd,Standard Deviation,IEL per 100 epithelial cells
NCT03409796,gluten_challenge_methodology,prevention,16,IEL,cells_per_100,PRIMARY,MEAN,Change From Baseline in Small Intestine Histology Based on Intraepithelial Lymphocytes (IEL) Counts [Change at Day 15],Baseline and Day 15,Group B: Gluten 10 Gram,False,7,26.8,14.908,posted_sd,Standard Deviation,IEL per 100 epithelial cells
NCT06001177,tolerance,prevention,55,VHCD,ratio,PRIMARY,MEAN,Changes From Baseline in Villous Height to Crypt Depth (Vh:Cd) as Assessed by Esophagogastroduodenoscopy With Biopsy After 2-week Gluten Challenge (GC),Baseline and Day 29,0.6 mg/kg KAN-101,False,25,-0.85,0.707,posted_sd,Standard Deviation,ratio
NCT06001177,tolerance,prevention,55,VHCD,ratio,PRIMARY,MEAN,Changes From Baseline in Villous Height to Crypt Depth (Vh:Cd) as Assessed by Esophagogastroduodenoscopy With Biopsy After 2-week Gluten Challenge (GC),Baseline and Day 29,Placebo,True,25,-0.61,0.614,posted_sd,Standard Deviation,ratio
NCT06001177,tolerance,prevention,55,IEL,cells_per_100,SECONDARY,LEAST_SQUARES_MEAN,Changes From Baseline in Intraepithelial Lymphocyte (IEL) Density in Duodenum Biopsy After 2-week GC,Baseline and Day 29,0.6 mg/kg KAN-101,False,25,20.68,17.447,posted_sd,Standard Deviation,cells per 100 epithelial cells
NCT06001177,tolerance,prevention,55,IEL,cells_per_100,SECONDARY,LEAST_SQUARES_MEAN,Changes From Baseline in Intraepithelial Lymphocyte (IEL) Density in Duodenum Biopsy After 2-week GC,Baseline and Day 29,Placebo,True,25,17.36,16.286,posted_sd,Standard Deviation,cells per 100 epithelial cells
NCT04424927,il15_axis,restoration,388,IEL,cells_per_100,SECONDARY,LEAST_SQUARES_MEAN,Absolute Change From Baseline in Intraepithelial Lymphocyte (IEL) Density at Week 24,Baseline to Week 24,Placebo,True,51,-0.39,12.479511131302376,from_ci95,95% Confidence Interval,cells/100 epithelial cells
NCT04424927,il15_axis,restoration,388,IEL,cells_per_100,SECONDARY,LEAST_SQUARES_MEAN,Absolute Change From Baseline in Intraepithelial Lymphocyte (IEL) Density at Week 24,Baseline to Week 24,PRV-015 100 mg,False,49,1.54,12.607374517649621,from_ci95,95% Confidence Interval,cells/100 epithelial cells
NCT04424927,il15_axis,restoration,388,IEL,cells_per_100,SECONDARY,LEAST_SQUARES_MEAN,Absolute Change From Baseline in Intraepithelial Lymphocyte (IEL) Density at Week 24,Baseline to Week 24,PRV-015 300 mg,False,51,-4.11,12.57060245342867,from_ci95,95% Confidence Interval,cells/100 epithelial cells
NCT04424927,il15_axis,restoration,388,IEL,cells_per_100,SECONDARY,LEAST_SQUARES_MEAN,Absolute Change From Baseline in Intraepithelial Lymphocyte (IEL) Density at Week 24,Baseline to Week 24,PRV-015 600 mg,False,48,-4.53,12.725505070437219,from_ci95,95% Confidence Interval,cells/100 epithelial cells
NCT02637141,il15_axis,prevention,64,VHCD,percent_change,PRIMARY,LEAST_SQUARES_MEAN,Percent Change From Baseline in Villous Height to Crypt Depth Ratio (VH:CD) at Week 12,Baseline and week 12,AMG 714 150 mg,False,15,-62.66,20.875380236057975,from_se,Standard Error,percent change
NCT02637141,il15_axis,prevention,64,VHCD,percent_change,PRIMARY,LEAST_SQUARES_MEAN,Percent Change From Baseline in Villous Height to Crypt Depth Ratio (VH:CD) at Week 12,Baseline and week 12,AMG 714 300 mg,False,19,-53.78,21.053481897301456,from_se,Standard Error,percent change
NCT02637141,il15_axis,prevention,64,VHCD,percent_change,PRIMARY,LEAST_SQUARES_MEAN,Percent Change From Baseline in Villous Height to Crypt Depth Ratio (VH:CD) at Week 12,Baseline and week 12,Placebo,True,15,-60.17,20.216973067202716,from_se,Standard Error,percent change
NCT02637141,il15_axis,prevention,64,IEL,percent_change,SECONDARY,LEAST_SQUARES_MEAN,Percent Change From Baseline in Intraepithelial Lymphocyte Density at Week 12,Baseline and week 12,AMG 714 150 mg,False,15,95.14,58.3271291938837,from_se,Standard Error,percent change
NCT02637141,il15_axis,prevention,64,IEL,percent_change,SECONDARY,LEAST_SQUARES_MEAN,Percent Change From Baseline in Intraepithelial Lymphocyte Density at Week 12,Baseline and week 12,AMG 714 300 mg,False,19,68.22,59.4553815898948,from_se,Standard Error,percent change
NCT02637141,il15_axis,prevention,64,IEL,percent_change,SECONDARY,LEAST_SQUARES_MEAN,Percent Change From Baseline in Intraepithelial Lymphocyte Density at Week 12,Baseline and week 12,Placebo,True,15,109.46,56.739206021938664,from_se,Standard Error,percent change
NCT05353985,glutenase,restoration,153,VHCD,ratio,SECONDARY,LEAST_SQUARES_MEAN,Change in Villous Height to Crypt Depth Ratio (Vh:Cd) From Baseline to Week 24,"Baseline (Week -4, Run-in Period) to Week 24",Placebo + SIGE Gluten-Bar,True,60,-0.006,0.7745966692414834,from_se,Standard Error,unitless ratio
NCT05353985,glutenase,restoration,153,VHCD,ratio,SECONDARY,LEAST_SQUARES_MEAN,Change in Villous Height to Crypt Depth Ratio (Vh:Cd) From Baseline to Week 24,"Baseline (Week -4, Run-in Period) to Week 24",TAK-062 + SIGE Gluten-Bar,False,59,-0.338,0.7604334290389922,from_se,Standard Error,unitless ratio
NCT02633020,il15_axis,restoration,28,IEL,percent_change,PRIMARY,LEAST_SQUARES_MEAN,Percent Change From Baseline in the Percentage of Aberrant Intestinal Intraepithelial Lymphocytes With Respect to All Intraepithelial Lymphocytes,Baseline and week 12,AMG 714,False,14,2.45,33.0388347252139,from_se,Standard Error,percent change
NCT02633020,il15_axis,restoration,28,IEL,percent_change,PRIMARY,LEAST_SQUARES_MEAN,Percent Change From Baseline in the Percentage of Aberrant Intestinal Intraepithelial Lymphocytes With Respect to All Intraepithelial Lymphocytes,Baseline and week 12,Placebo,True,8,7.3,33.09259735953042,from_se,Standard Error,percent change
NCT02633020,il15_axis,restoration,28,IEL,percent_change,SECONDARY,LEAST_SQUARES_MEAN,Percent Change From Baseline in the Percentage of Aberrant Intestinal Intraepithelial Lymphocytes With Respect to All Intestinal Epithelial Cells,Baseline and week 12,AMG 714,False,14,11.66,59.08077013716053,from_se,Standard Error,percent change
NCT02633020,il15_axis,restoration,28,IEL,percent_change,SECONDARY,LEAST_SQUARES_MEAN,Percent Change From Baseline in the Percentage of Aberrant Intestinal Intraepithelial Lymphocytes With Respect to All Intestinal Epithelial Cells,Baseline and week 12,Placebo,True,8,49.88,60.33035057083623,from_se,Standard Error,percent change
NCT02633020,il15_axis,restoration,28,VHCD,percent_change,SECONDARY,LEAST_SQUARES_MEAN,Percent Change From Baseline in Villous Height to Crypt Depth (VH:CD) Ratio,Baseline and week 12,AMG 714,False,17,26.44,57.97086509618431,from_se,Standard Error,percent change
NCT02633020,il15_axis,restoration,28,VHCD,percent_change,SECONDARY,LEAST_SQUARES_MEAN,Percent Change From Baseline in Villous Height to Crypt Depth (VH:CD) Ratio,Baseline and week 12,Placebo,True,9,15.77,58.08,from_se,Standard Error,percent change
NCT02633020,il15_axis,restoration,28,IEL,percent_change,SECONDARY,LEAST_SQUARES_MEAN,Percent Change From Baseline in Total Intraepithelial Lymphocyte Count at Week 12,Baseline and week 12,AMG 714,False,17,26.84,73.80359069855612,from_se,Standard Error,percent change
NCT02633020,il15_axis,restoration,28,IEL,percent_change,SECONDARY,LEAST_SQUARES_MEAN,Percent Change From Baseline in Total Intraepithelial Lymphocyte Count at Week 12,Baseline and week 12,Placebo,True,9,39.57,74.85,from_se,Standard Error,percent change
